{
  "Author": "Hi",
  "Name": "Hide Traveler Wanderer FC Tag",
  "InternalName": "HideTravelerWandererFCTag",
  "AssemblyVersion": "0.0.0.1",
  "Description": "Simple Dalamud plugin that hides the «Traveler» / «Wanderer» / «FC» tags from player nameplates on your client only.",
  "ApplicableVersion": "any",
  "RepoUrl": "https://github.com/j-jj-j/Hide-Traveler-Wanderer-FC-Tag",
  "DalamudApiLevel": 13,
  "LoadRequiredState": 0,
  "LoadSync": false,
  "CanUnloadAsync": false,
  "LoadPriority": 0,
  "Punchline": "Hide «Traveler» «Wanderer» and «FC» tags from nameplates.",
  "AcceptsFeedback": true
}